timestamp,session_id,mode,question_number,domain,objective,difficulty,format,correct,confidence,error_type,due_date,notes
2026-09-13T19:17:38.045377+00:00,baseline-2026-09-13-01,baseline,1,Identities and governance,RBAC role and scope,1,single choice,true,,none,2026-09-16,Answered C correctly; no reasoning or confidence supplied; recognition evidence only; revisit with explanation.
2026-09-13T19:31:59.910080+00:00,baseline-2026-09-13-01,baseline,2,Storage,Zonal redundancy and regional residency,1,single choice,true,,none,2026-09-16,Answered B correctly; reasoning and confidence not supplied; recognition evidence only.
2026-09-13T19:32:50.808710+00:00,baseline-2026-09-13-01,baseline,3,Compute,VM deallocation and compute billing,1,single choice,true,,none,2026-09-16,Answered A after simplified prompt explicitly stated still allocated; limited recognition evidence; confidence not supplied.
2026-09-13T20:05:20.401893+00:00,baseline-2026-09-13-01,baseline,4,Virtual networking,NSG rule priority,1,single choice,true,,none,2026-09-16,Answered B correctly; recognition only; confidence not supplied.
2026-09-13T20:05:56.415924+00:00,baseline-2026-09-13-01,baseline,5,Monitoring and maintenance,Activity Log management operations,1,single choice,true,,none,2026-09-16,Answered C correctly; recognition only; confidence not supplied.
2026-09-13T20:12:48.667568+00:00,baseline-2026-09-13-01,baseline,6,Identities and governance,RBAC additive permissions and inheritance,2,single choice,false,,scope or permissions,2026-09-14,Answered B; correct A; Reader does not restrict inherited Contributor. Retest with changed scenario in-session; confidence unknown.
2026-09-13T20:27:45.415202+00:00,baseline-2026-09-13-01,baseline,7,Storage,Secondary-region reads before failover,1,single choice,true,,none,2026-09-16,Answered B correctly; recognition only; confidence not supplied.
2026-09-13T21:15:43.380560+00:00,baseline-2026-09-13-01,baseline,8,Compute,VM availability zones,1,single choice,true,,none,2026-09-16,Answered C correctly; recognition only; confidence not supplied.
2026-09-13T21:32:36.425104+00:00,baseline-2026-09-13-01,baseline,9,Identities and governance,RBAC additive permissions repair,2,single choice,false,,scope or permissions,2026-09-14,Answered B; correct A. Second related error: direct Reader believed to override inherited Contributor. Confidence unknown. Teach smallest concept then fresh transfer.
2026-09-13T21:33:47.943120+00:00,baseline-2026-09-13-01,baseline,10,Identities and governance,RBAC additive permissions taught transfer,1,single choice,false,,scope or permissions,2026-09-14,Answered A after teaching; correct B. Third related error. Reader does not remove VM Contributor permissions. Pause baseline for unscored minimal teach-back. Confidence unknown.
2026-09-15T18:11:29.038105+00:00,baseline-2026-09-13-01,weak-domain repair,10-R1,Identities and governance,RBAC additive permissions,1,true false,false,,scope or permissions,2026-09-16,Interpreted ture as true. Unscored repair incorrect; correct false. Negative wording may contribute; next check uses positive wording. Baseline remains 7/10.
2026-09-15T18:12:20.706306+00:00,baseline-2026-09-13-01,weak-domain repair,10-R2,Identities and governance,RBAC additive permissions,1,yes no,true,,none,2026-09-16,Answered yes correctly after explicit teaching and positive wording. Coached repair only; baseline remains 7/10. Delayed unprompted transfer still due.
2026-09-15T18:13:09.412525+00:00,baseline-2026-09-13-01,baseline,11,Virtual networking,Combined subnet and NIC NSG evaluation,2,single choice,true,,none,2026-09-18,Answered B correctly; no reasoning or confidence supplied.
2026-09-15T20:04:32.010385+00:00,baseline-2026-09-13-01,baseline,12,Compute,App Service deployment slots,1,single choice,true,,none,2026-09-18,Answered A correctly; recognition only; confidence not supplied.
2026-09-17,baseline-2026-09-13-01,baseline,13,Monitoring and maintenance,Azure Monitor action groups,1,single choice,true,,none,2026-09-20,"Answered C. Saved after quiz at learner request; timestamp date only, exact answer time not retained. Confidence not supplied."
2026-09-17,baseline-2026-09-13-01,baseline,14,Storage,Blob lifecycle management,1,single choice,true,,none,2026-09-20,"Answered B. Saved after quiz at learner request; timestamp date only, exact answer time not retained. Confidence not supplied."
2026-09-17,baseline-2026-09-13-01,baseline,15,Identities and governance,RBAC additive permissions delayed retrieval,1,single choice,true,,none,2026-09-24,"Answered A. Saved after quiz at learner request; timestamp date only, exact answer time not retained. Confidence not supplied. Correct delayed recognition after repeated RBAC teaching; independent explanation still due."
2026-09-19,baseline-2026-09-13-01,baseline,16,Compute,Virtual Machine Scale Sets autoscaling,1,single choice,true,,none,2026-09-22,"Answered C. Saved after quiz at learner request; timestamp date only, exact answer time not retained. Confidence not supplied."
2026-09-19,baseline-2026-09-13-01,baseline,17,Virtual networking,VNet peering address overlap,1,single choice,false,,concept knowledge,2026-09-20,"Answered A; correct B. Saved after quiz at learner request; timestamp date only, exact answer time not retained. Confidence not supplied. Overlapping VNet ranges cannot be directly peered; changed scenario repair due."
2026-09-19,baseline-2026-09-13-01,baseline,18,Storage,Blob versioning overwrite recovery,1,single choice,true,,none,2026-09-22,"Answered B. Saved after quiz at learner request; timestamp date only, exact answer time not retained. Confidence not supplied."
2026-09-19,baseline-2026-09-13-01,baseline,19,Monitoring and maintenance,Site Recovery regional failover,1,single choice,true,,none,2026-09-22,"Answered C. Saved after quiz at learner request; timestamp date only, exact answer time not retained. Confidence not supplied."
2026-09-19,baseline-2026-09-13-01,baseline,20,Compute,Bicep what-if output interpretation,2,output interpretation,true,,none,2026-09-22,"Answered B. Saved after quiz at learner request; timestamp date only, exact answer time not retained. Confidence not supplied. Original easy prompt replaced before answer at learner request; earlier prompt explained what-if purpose, so not unseen evidence."
2026-09-19,mixed-2026-09-19-02,mixed drill,1,Virtual networking,Peering overlapping CIDR ranges,2,single choice,false,,scope or permissions,2026-09-20,Answer C; key B. Hub /22 includes spoke /24; forwarded traffic does not fix overlap. Confidence not supplied. Saved at quiz end; exact time unavailable.
2026-09-19,mixed-2026-09-19-02,mixed drill,2,Compute,App Service slot-specific connection strings,2,single choice,false,,concept knowledge,2026-09-20,Answer B; key A. Cloning does not make settings sticky; mark connection strings as deployment slot settings. Confidence not supplied. Saved at quiz end; exact time unavailable.
2026-09-19,mixed-2026-09-19-02,mixed drill,3,Virtual networking,Subnet and NIC NSG evaluation,2,single choice,false,,concept knowledge,2026-09-20,Answer A; key B. Priorities are evaluated within each NSG; both NSGs must allow. Confidence not supplied. Saved at quiz end; exact time unavailable.
2026-09-19,mixed-2026-09-19-02,mixed drill,4,Identities and governance,CanNotDelete lock and inherited Contributor,2,single choice,true,,none,2026-09-22,Answer B; key B. Correct scenario selection. Confidence not supplied. Saved at quiz end; exact time unavailable.
2026-09-19,mixed-2026-09-19-02,mixed drill,5,Storage,RA-GRS asynchronous replication lag,2,single choice,true,,none,2026-09-22,Answer B; key B. Correct scenario selection. Confidence not supplied. Saved at quiz end; exact time unavailable.
2026-09-19,mixed-2026-09-19-02,mixed drill,6,Virtual networking,NSG statefulness after new deny,2,single choice,true,,none,2026-09-22,Answer B; key B. Correct scenario selection. Confidence not supplied. Saved at quiz end; exact time unavailable.
2026-09-19,mixed-2026-09-19-02,mixed drill,7,Identities and governance,VM Contributor scope and additive RBAC,2,single choice,true,,none,2026-09-22,Answer A; key A. Correct changed RBAC transfer without hint. Confidence not supplied. Saved at quiz end; exact time unavailable.
2026-09-19,mixed-2026-09-19-02,mixed drill,8,Monitoring and maintenance,KQL summarize count by Caller and top,2,output interpretation,true,,none,2026-09-22,Answer B; key B. Correct query interpretation. Confidence not supplied. Saved at quiz end; exact time unavailable.
2026-09-19,mixed-2026-09-19-02,mixed drill,9,Storage,User delegation SAS with Shared Key disabled,2,single choice,true,,none,2026-09-22,Answer C; key C. Correct scoped short-lived read access. Confidence not supplied. Saved at quiz end; exact time unavailable.
2026-09-19,mixed-2026-09-19-02,mixed drill,10,Compute,Autoscale maximum clamps scale-out,2,single choice,false,,concept knowledge,2026-09-20,Answer A; key B. Believed whole scale-out rejected; desired 8 capped at 6. Confidence not supplied. Saved at quiz end; exact time unavailable.
2026-09-19,mixed-2026-09-19-02,mixed drill,11,Monitoring and maintenance,Activity Log export and retention,2,multiple response,true,,none,2026-09-22,Answer A+B; key A+B. Initially B only; supplied A after reminder to select two. Count correct with format reminder; not single-response independent. Confidence not supplied. Saved at quiz end; exact time unavailable.
2026-09-19,mixed-2026-09-19-02,mixed drill,12,Compute,App Service swap code versus sticky database,2,single choice,false,,concept knowledge,2026-09-20,Answer B; key C. Selected old production code; v2 moves while LiveDB stays. Related Q2 error. Confidence not supplied. Saved at quiz end; exact time unavailable.
2026-09-19,mixed-2026-09-19-02,mixed drill,13,Identities and governance,Azure Policy Deny applies to Owner,2,single choice,true,,none,2026-09-22,Answer C; key C. Correct scenario selection. Confidence not supplied. Saved at quiz end; exact time unavailable.
2026-09-19,mixed-2026-09-19-02,mixed drill,14,Storage,Container soft delete versus blob protection,2,single choice,true,,none,2026-09-22,Answer A; key A. Correct protection selection. Confidence not supplied. Saved at quiz end; exact time unavailable.
2026-09-19,mixed-2026-09-19-02,mixed drill,15,Compute,Autoscale minimum clamps scale-in,2,single choice,false,,concept knowledge,2026-09-20,Answer C; key B. Believed count stays 4; requested 2 is limited to minimum 3. Related Q10 error. Confidence not supplied. Saved at quiz end; exact time unavailable.
2026-09-19,mixed-2026-09-19-02,mixed drill,16,Identities and governance,Resource tags do not inherit group updates,2,single choice,true,,none,2026-09-22,Answer B; key B. Correct tag outcome. Confidence not supplied. Saved at quiz end; exact time unavailable.
2026-09-19,mixed-2026-09-19-02,mixed drill,17,Monitoring and maintenance,RPO versus RTO recovery test,2,single choice,false,,concept knowledge,2026-09-20,Answer D; key B. 12h data loss meets 24h RPO; 4h restore exceeds 2h RTO. Confidence not supplied. Saved at quiz end; exact time unavailable.
2026-09-19,mixed-2026-09-19-02,mixed drill,18,Storage,Blob data-plane RBAC least privilege,2,single choice,true,,none,2026-09-22,Answer C; key C. Correct container-scoped Storage Blob Data Reader. Confidence not supplied. Saved at quiz end; exact time unavailable.
2026-09-19,mixed-2026-09-19-02,mixed drill,19,Identities and governance,Budget notification versus automatic shutdown,2,single choice,true,,none,2026-09-22,Answer B; key B. Correct budget limitation. Confidence not supplied. Saved at quiz end; exact time unavailable.
2026-09-19,mixed-2026-09-19-02,mixed drill,20,Compute,Bicep parameter override and conditional resource,2,output interpretation,false,,command interpretation,2026-09-20,Answer A; key B. Supplied true overrides default false; if true deploys VM. Original prompt assumes valid configuration and successful deployment conditions. Confidence not supplied. Saved at quiz end; exact time unavailable.
2026-09-19,mixed-2026-09-19-02,weak-domain repair,12-R1,Compute,Slot swap moves new code into production,1,single choice,true,,none,2026-09-20,Unscored immediate repair answered B correctly after Full teaching; excluded from quiz score. Not mastery.
2026-09-19,mixed-2026-09-19-02,weak-domain repair,15-R1,Compute,Autoscale minimum simple recognition,1,single choice,true,,none,2026-09-20,Unscored immediate repair answered B correctly after Full teaching; excluded from quiz score. Not mastery.
2026-09-19,mixed-2026-09-19-03,mixed drill,1,Identities and governance,Licence assignment usage location,2,single choice,true,,none,2026-09-22,"Answer A; key A. Country does not replace Usage location. Confidence unknown; saved at quiz end, exact answer time unavailable."
2026-09-19,mixed-2026-09-19-03,mixed drill,2,Storage,Blob private endpoint DNS VNet link,2,single choice,true,,none,2026-09-22,"Answer B; key B. Correct VNet link repair for existing private DNS record. Confidence unknown; saved at quiz end, exact answer time unavailable."
2026-09-19,mixed-2026-09-19-03,mixed drill,3,Compute,ACI OnFailure restart policy,2,single choice,true,,none,2026-09-22,"Answer C; key C. Correct policy for failure restart and successful completion. Confidence unknown; saved at quiz end, exact answer time unavailable."
2026-09-19,mixed-2026-09-19-03,mixed drill,4,Virtual networking,Longest prefix before route-source precedence,2,single choice,true,,none,2026-09-22,"Answer B; key B. System /16 preferred over user /0 for matching destination. Confidence unknown; saved at quiz end, exact answer time unavailable."
2026-09-19,mixed-2026-09-19-03,mixed drill,5,Monitoring and maintenance,VM backup vault region,2,single choice,false,,service selection,2026-09-20,"Answer A; key C. Chose Cross Region Restore; vault must share VM region. Confidence unknown; saved at quiz end, exact answer time unavailable."
2026-09-19,mixed-2026-09-19-03,mixed drill,6,Identities and governance,Deny policy effect on existing resources,2,single choice,true,,none,2026-09-22,"Answer C; key C. Existing VM continues and becomes non-compliant. Confidence unknown; saved at quiz end, exact answer time unavailable."
2026-09-19,mixed-2026-09-19-03,mixed drill,7,Storage,Revoke service SAS through stored access policy,2,single choice,true,,none,2026-09-22,"Answer B; key B. Correct deletion of linked stored access policy. Confidence unknown; saved at quiz end, exact answer time unavailable."
2026-09-19,mixed-2026-09-19-03,mixed drill,8,Compute,Bicep range start and count with parameter override,2,output interpretation,false,,command interpretation,2026-09-20,"Answer D; key C. range(0,3) returns 0,1,2; selected 0,1,2,3. Confidence unknown; saved at quiz end, exact answer time unavailable."
2026-09-19,mixed-2026-09-19-03,mixed drill,9,Monitoring and maintenance,RPO and RTO timeline comparison,2,single choice,false,,concept knowledge,2026-09-20,"Answer D; key B. 30min data loss meets 1h RPO; 3h restore misses 2h RTO. Confidence unknown; saved at quiz end, exact answer time unavailable."
2026-09-19,mixed-2026-09-19-03,mixed drill,10,Compute,ACR AcrPull in RBAC Registry Permissions mode,2,single choice,true,,none,2026-09-22,"Answer C; key C. Correct least-privilege pull role for specified non-ABAC mode. Confidence unknown; saved at quiz end, exact answer time unavailable."
2026-09-19,mixed-2026-09-19-03,mixed drill,11,Identities and governance,NotActions versus deny assignments,2,single choice,false,,scope or permissions,2026-09-20,"Answer A; key B. NotActions excludes from one role only; another role can grant deletion. Confidence unknown; saved at quiz end, exact answer time unavailable."
2026-09-19,mixed-2026-09-19-03,mixed drill,12,Virtual networking,Network Watcher IP flow verify,2,single choice,true,,none,2026-09-22,"Answer C; key C. Correct tool for allow/deny decision and exact rule. Confidence unknown; saved at quiz end, exact answer time unavailable."
2026-09-19,mixed-2026-09-19-03,mixed drill,13,Compute,App Service scale up versus out,2,single choice,false,,service selection,2026-09-20,"Answer D; key B. Raising max instance count does not increase memory per instance; scale up required. Confidence unknown; saved at quiz end, exact answer time unavailable."
2026-09-19,mixed-2026-09-19-03,mixed drill,14,Storage,Archive blob rehydration for reads,2,single choice,true,,none,2026-09-22,"Answer C; key C. Correct requirement for online tier before content reads. Confidence unknown; saved at quiz end, exact answer time unavailable."
2026-09-19,mixed-2026-09-19-03,mixed drill,15,Identities and governance,Owner and inherited ReadOnly lock,2,single choice,false,,scope or permissions,2026-09-20,"Answer A; key C. Owner does not bypass lock; remove ReadOnly lock before start. Confidence unknown; saved at quiz end, exact answer time unavailable."
2026-09-19,mixed-2026-09-19-03,mixed drill,16,Monitoring and maintenance,RPO missed but RTO met changed timeline,2,single choice,true,,none,2026-09-22,"Answer A; key A. 3h data loss misses 1h RPO; 1h restore meets 2h RTO. Correct after earlier teaching in session. Confidence unknown; saved at quiz end, exact answer time unavailable."
2026-09-19,mixed-2026-09-19-03,mixed drill,17,Virtual networking,Azure subnet reserved IP address sizing,2,single choice,false,,concept knowledge,2026-09-20,"Answer B; key C. /28 provides 11 usable IPs; 12 required means /27 minimum. Confidence unknown; saved at quiz end, exact answer time unavailable."
2026-09-19,mixed-2026-09-19-03,mixed drill,18,Compute,Bicep range nonzero start and count,2,output interpretation,false,,command interpretation,2026-09-20,"Answer A; key D. Supplied count2; range(1,2) returns 1,2 not 0,1. Confidence unknown; saved at quiz end, exact answer time unavailable."
2026-09-19,mixed-2026-09-19-03,mixed drill,19,Identities and governance,Modify policy remediation for existing resources,2,single choice,true,,none,2026-09-22,"Answer B; key B. Correct remediation task with authorised assignment identity. Confidence unknown; saved at quiz end, exact answer time unavailable."
2026-09-19,mixed-2026-09-19-03,mixed drill,20,Storage,RA-GZRS combined zone and region requirements,2,single choice,true,,none,2026-09-22,"Answer C; key C. Correct zonal availability plus geo-replication and secondary reads before failover. Confidence unknown; saved at quiz end, exact answer time unavailable."
2026-09-19,mixed-2026-09-19-03,weak-domain repair,9-R1,Monitoring and maintenance,RTO limit recognition,1,yes no,false,,concept knowledge,2026-09-20,Unscored coached repair; Full teaching. Answered yes that 3h meets 2h limit; correct no. Excluded from quiz score and unseen readiness evidence.
2026-09-19,mixed-2026-09-19-03,weak-domain repair,9-R2,Monitoring and maintenance,RTO changed completion time,1,yes no,true,,none,2026-09-20,Unscored coached repair; Full teaching. Answered yes: failure14:00 and restored15:30 meets2h RTO. Excluded from quiz score and unseen readiness evidence.
2026-09-19,mixed-2026-09-19-03,weak-domain repair,18-R1,Compute,Bicep range simple recognition,1,single choice,true,,none,2026-09-20,"Unscored coached repair; Full teaching. Answered A: range(5,2) produces5,6 after explicit teaching. Excluded from quiz score and unseen readiness evidence."
